MSN,YYYYMM,Value,Column_Order,Description,Unit
CLEIBUS,194913,1995.055,1,Coal Consumed by the Electric Power Sector,Trillion Btu
CLEIBUS,195013,2199.111,1,Coal Consumed by the Electric Power Sector,Trillion Btu
CLEIBUS,195113,2506.808,1,Coal Consumed by the Electric Power Sector,Trillion Btu
CLEIBUS,195213,2557.397,1,Coal Consumed by the Electric Power Sector,Trillion Btu
CLEIBUS,195313,2777.361,1,Coal Consumed by the Electric Power Sector,Trillion Btu
CLEIBUS,195413,2840.759,1,Coal Consumed by the Electric Power Sector,Trillion Btu
CLEIBUS,195513,3458.271,1,Coal Consumed by the Electric Power Sector,Trillion Btu
CLEIBUS,195613,3789.674,1,Coal Consumed by the Electric Power Sector,Trillion Btu
CLEIBUS,195713,3855.246,1,Coal Consumed by the Electric Power Sector,Trillion Btu
CLEIBUS,195813,3721.34,1,Coal Consumed by the Electric Power Sector,Trillion Btu
CLEIBUS,195913,4029.357,1,Coal Consumed by the Electric Power Sector,Trillion Btu
CLEIBUS,196013,4227.551,1,Coal Consumed by the Electric Power Sector,Trillion Btu
CLEIBUS,196113,4354.953,1,Coal Consumed by the Electric Power Sector,Trillion Btu
CLEIBUS,196213,4622.376,1,Coal Consumed by the Electric Power Sector,Trillion Btu
CLEIBUS,196313,5050.213,1,Coal Consumed by the Electric Power Sector,Trillion Btu
CLEIBUS,196413,5379.553,1,Coal Consumed by the Electric Power Sector,Trillion Btu
CLEIBUS,196513,5821.061,1,Coal Consumed by the Electric Power Sector,Trillion Btu
CLEIBUS,196613,6301.644,1,Coal Consumed by the Electric Power Sector,Trillion Btu
CLEIBUS,196713,6444.982,1,Coal Consumed by the Electric Power Sector,Trillion Btu
CLEIBUS,196813,6993.639,1,Coal Consumed by the Electric Power Sector,Trillion Btu
CLEIBUS,196913,7219.295,1,Coal Consumed by the Electric Power Sector,Trillion Btu
CLEIBUS,197013,7227.462,1,Coal Consumed by the Electric Power Sector,Trillion Btu
CLEIBUS,197113,7299.131,1,Coal Consumed by the Electric Power Sector,Trillion Btu
CLEIBUS,197213,7810.652,1,Coal Consumed by the Electric Power Sector,Trillion Btu
CLEIBUS,197301,768.746,1,Coal Consumed by the Electric Power Sector,Trillion Btu
CLEIBUS,197302,687.33,1,Coal Consumed by the Electric Power Sector,Trillion Btu
CLEIBUS,197303,683.507,1,Coal Consumed by the Electric Power Sector,Trillion Btu
CLEIBUS,197304,648.927,1,Coal Consumed by the Electric Power Sector,Trillion Btu
CLEIBUS,197305,659.121,1,Coal Consumed by the Electric Power Sector,Trillion Btu
CLEIBUS,197306,709.685,1,Coal Consumed by the Electric Power Sector,Trillion Btu
CLEIBUS,197307,774.618,1,Coal Consumed by the Electric Power Sector,Trillion Btu
CLEIBUS,197308,801.863,1,Coal Consumed by the Electric Power Sector,Trillion Btu
CLEIBUS,197309,729.505,1,Coal Consumed by the Electric Power Sector,Trillion Btu
CLEIBUS,197310,721.732,1,Coal Consumed by the Electric Power Sector,Trillion Btu
CLEIBUS,197311,714.831,1,Coal Consumed by the Electric Power Sector,Trillion Btu
CLEIBUS,197312,758.535,1,Coal Consumed by the Electric Power Sector,Trillion Btu
CLEIBUS,197313,8658.401,1,Coal Consumed by the Electric Power Sector,Trillion Btu
CLEIBUS,197401,752.467,1,Coal Consumed by the Electric Power Sector,Trillion Btu
CLEIBUS,197402,671.191,1,Coal Consumed by the Electric Power Sector,Trillion Btu
CLEIBUS,197403,688.143,1,Coal Consumed by the Electric Power Sector,Trillion Btu
CLEIBUS,197404,645.75,1,Coal Consumed by the Electric Power Sector,Trillion Btu
CLEIBUS,197405,689.943,1,Coal Consumed by the Electric Power Sector,Trillion Btu
CLEIBUS,197406,690.457,1,Coal Consumed by the Electric Power Sector,Trillion Btu
CLEIBUS,197407,786.045,1,Coal Consumed by the Electric Power Sector,Trillion Btu
CLEIBUS,197408,773.903,1,Coal Consumed by the Electric Power Sector,Trillion Btu
CLEIBUS,197409,674.306,1,Coal Consumed by the Electric Power Sector,Trillion Btu
CLEIBUS,197410,697.733,1,Coal Consumed by the Electric Power Sector,Trillion Btu
CLEIBUS,197411,699.597,1,Coal Consumed by the Electric Power Sector,Trillion Btu
CLEIBUS,197412,764.495,1,Coal Consumed by the Electric Power Sector,Trillion Btu
CLEIBUS,197413,8534.031,1,Coal Consumed by the Electric Power Sector,Trillion Btu
CLEIBUS,197501,775.487,1,Coal Consumed by the Electric Power Sector,Trillion Btu
CLEIBUS,197502,694.52,1,Coal Consumed by the Electric Power Sector,Trillion Btu
CLEIBUS,197503,709.622,1,Coal Consumed by the Electric Power Sector,Trillion Btu
CLEIBUS,197504,661.012,1,Coal Consumed by the Electric Power Sector,Trillion Btu
CLEIBUS,197505,661.613,1,Coal Consumed by the Electric Power Sector,Trillion Btu
CLEIBUS,197506,723.942,1,Coal Consumed by the Electric Power Sector,Trillion Btu
CLEIBUS,197507,791.228,1,Coal Consumed by the Electric Power Sector,Trillion Btu
CLEIBUS,197508,821.572,1,Coal Consumed by the Electric Power Sector,Trillion Btu
CLEIBUS,197509,705.604,1,Coal Consumed by the Electric Power Sector,Trillion Btu
CLEIBUS,197510,710.891,1,Coal Consumed by the Electric Power Sector,Trillion Btu
CLEIBUS,197511,721.271,1,Coal Consumed by the Electric Power Sector,Trillion Btu
CLEIBUS,197512,809.077,1,Coal Consumed by the Electric Power Sector,Trillion Btu
CLEIBUS,197513,8785.839,1,Coal Consumed by the Electric Power Sector,Trillion Btu
CLEIBUS,197601,866.74,1,Coal Consumed by the Electric Power Sector,Trillion Btu
CLEIBUS,197602,757.885,1,Coal Consumed by the Electric Power Sector,Trillion Btu
CLEIBUS,197603,782.458,1,Coal Consumed by the Electric Power Sector,Trillion Btu
CLEIBUS,197604,732.77,1,Coal Consumed by the Electric Power Sector,Trillion Btu
CLEIBUS,197605,735.782,1,Coal Consumed by the Electric Power Sector,Trillion Btu
CLEIBUS,197606,788.591,1,Coal Consumed by the Electric Power Sector,Trillion Btu
CLEIBUS,197607,863.585,1,Coal Consumed by the Electric Power Sector,Trillion Btu
CLEIBUS,197608,874.191,1,Coal Consumed by the Electric Power Sector,Trillion Btu
CLEIBUS,197609,778.066,1,Coal Consumed by the Electric Power Sector,Trillion Btu
CLEIBUS,197610,797.225,1,Coal Consumed by the Electric Power Sector,Trillion Btu
CLEIBUS,197611,841.786,1,Coal Consumed by the Electric Power Sector,Trillion Btu
CLEIBUS,197612,901.155,1,Coal Consumed by the Electric Power Sector,Trillion Btu
CLEIBUS,197613,9720.234,1,Coal Consumed by the Electric Power Sector,Trillion Btu
CLEIBUS,197701,930.221,1,Coal Consumed by the Electric Power Sector,Trillion Btu
CLEIBUS,197702,809.993,1,Coal Consumed by the Electric Power Sector,Trillion Btu
CLEIBUS,197703,800.921,1,Coal Consumed by the Electric Power Sector,Trillion Btu
CLEIBUS,197704,732.109,1,Coal Consumed by the Electric Power Sector,Trillion Btu
CLEIBUS,197705,799.044,1,Coal Consumed by the Electric Power Sector,Trillion Btu
CLEIBUS,197706,863.31,1,Coal Consumed by the Electric Power Sector,Trillion Btu
CLEIBUS,197707,967.036,1,Coal Consumed by the Electric Power Sector,Trillion Btu
CLEIBUS,197708,949.743,1,Coal Consumed by the Electric Power Sector,Trillion Btu
CLEIBUS,197709,863.662,1,Coal Consumed by the Electric Power Sector,Trillion Btu
CLEIBUS,197710,825.201,1,Coal Consumed by the Electric Power Sector,Trillion Btu
CLEIBUS,197711,832.547,1,Coal Consumed by the Electric Power Sector,Trillion Btu
CLEIBUS,197712,888.238,1,Coal Consumed by the Electric Power Sector,Trillion Btu
CLEIBUS,197713,10262.025,1,Coal Consumed by the Electric Power Sector,Trillion Btu
CLEIBUS,197801,908.626,1,Coal Consumed by the Electric Power Sector,Trillion Btu
CLEIBUS,197802,762.348,1,Coal Consumed by the Electric Power Sector,Trillion Btu
CLEIBUS,197803,723.446,1,Coal Consumed by the Electric Power Sector,Trillion Btu
CLEIBUS,197804,736.489,1,Coal Consumed by the Electric Power Sector,Trillion Btu
CLEIBUS,197805,791.418,1,Coal Consumed by the Electric Power Sector,Trillion Btu
CLEIBUS,197806,867.893,1,Coal Consumed by the Electric Power Sector,Trillion Btu
CLEIBUS,197807,938.617,1,Coal Consumed by the Electric Power Sector,Trillion Btu
CLEIBUS,197808,979.5,1,Coal Consumed by the Electric Power Sector,Trillion Btu
CLEIBUS,197809,907.295,1,Coal Consumed by the Electric Power Sector,Trillion Btu
CLEIBUS,197810,847.869,1,Coal Consumed by the Electric Power Sector,Trillion Btu
CLEIBUS,197811,845.703,1,Coal Consumed by the Electric Power Sector,Trillion Btu
CLEIBUS,197812,929.065,1,Coal Consumed by the Electric Power Sector,Trillion Btu
CLEIBUS,197813,10238.271,1,Coal Consumed by the Electric Power Sector,Trillion Btu
CLEIBUS,197901,1002.004,1,Coal Consumed by the Electric Power Sector,Trillion Btu
CLEIBUS,197902,894.97,1,Coal Consumed by the Electric Power Sector,Trillion Btu
CLEIBUS,197903,892.615,1,Coal Consumed by the Electric Power Sector,Trillion Btu
CLEIBUS,197904,832.754,1,Coal Consumed by the Electric Power Sector,Trillion Btu
CLEIBUS,197905,887.285,1,Coal Consumed by the Electric Power Sector,Trillion Btu
CLEIBUS,197906,940.189,1,Coal Consumed by the Electric Power Sector,Trillion Btu
CLEIBUS,197907,1030.095,1,Coal Consumed by the Electric Power Sector,Trillion Btu
CLEIBUS,197908,1037.204,1,Coal Consumed by the Electric Power Sector,Trillion Btu
CLEIBUS,197909,900.865,1,Coal Consumed by the Electric Power Sector,Trillion Btu
CLEIBUS,197910,918.012,1,Coal Consumed by the Electric Power Sector,Trillion Btu
CLEIBUS,197911,918.223,1,Coal Consumed by the Electric Power Sector,Trillion Btu
CLEIBUS,197912,1005.708,1,Coal Consumed by the Electric Power Sector,Trillion Btu
CLEIBUS,197913,11259.923,1,Coal Consumed by the Electric Power Sector,Trillion Btu
CLEIBUS,198001,1072.641,1,Coal Consumed by the Electric Power Sector,Trillion Btu
CLEIBUS,198002,1011.776,1,Coal Consumed by the Electric Power Sector,Trillion Btu
CLEIBUS,198003,994.155,1,Coal Consumed by the Electric Power Sector,Trillion Btu
CLEIBUS,198004,866.542,1,Coal Consumed by the Electric Power Sector,Trillion Btu
CLEIBUS,198005,882.968,1,Coal Consumed by the Electric Power Sector,Trillion Btu
CLEIBUS,198006,975.75,1,Coal Consumed by the Electric Power Sector,Trillion Btu
CLEIBUS,198007,1142.586,1,Coal Consumed by the Electric Power Sector,Trillion Btu
CLEIBUS,198008,1133.189,1,Coal Consumed by the Electric Power Sector,Trillion Btu
CLEIBUS,198009,1020.314,1,Coal Consumed by the Electric Power Sector,Trillion Btu
CLEIBUS,198010,960.237,1,Coal Consumed by the Electric Power Sector,Trillion Btu
CLEIBUS,198011,973.137,1,Coal Consumed by the Electric Power Sector,Trillion Btu
CLEIBUS,198012,1089.388,1,Coal Consumed by the Electric Power Sector,Trillion Btu
CLEIBUS,198013,12122.684,1,Coal Consumed by the Electric Power Sector,Trillion Btu
CLEIBUS,198101,1153.098,1,Coal Consumed by the Electric Power Sector,Trillion Btu
CLEIBUS,198102,1010.262,1,Coal Consumed by the Electric Power Sector,Trillion Btu
CLEIBUS,198103,1020.476,1,Coal Consumed by the Electric Power Sector,Trillion Btu
CLEIBUS,198104,920.934,1,Coal Consumed by the Electric Power Sector,Trillion Btu
CLEIBUS,198105,948.814,1,Coal Consumed by the Electric Power Sector,Trillion Btu
CLEIBUS,198106,1055.931,1,Coal Consumed by the Electric Power Sector,Trillion Btu
CLEIBUS,198107,1183.802,1,Coal Consumed by the Electric Power Sector,Trillion Btu
CLEIBUS,198108,1148.77,1,Coal Consumed by the Electric Power Sector,Trillion Btu
CLEIBUS,198109,1022.256,1,Coal Consumed by the Electric Power Sector,Trillion Btu
CLEIBUS,198110,1007.873,1,Coal Consumed by the Electric Power Sector,Trillion Btu
CLEIBUS,198111,991.286,1,Coal Consumed by the Electric Power Sector,Trillion Btu
CLEIBUS,198112,1119.96,1,Coal Consumed by the Electric Power Sector,Trillion Btu
CLEIBUS,198113,12583.461,1,Coal Consumed by the Electric Power Sector,Trillion Btu
CLEIBUS,198201,1204.359,1,Coal Consumed by the Electric Power Sector,Trillion Btu
CLEIBUS,198202,1035.912,1,Coal Consumed by the Electric Power Sector,Trillion Btu
CLEIBUS,198203,1014.857,1,Coal Consumed by the Electric Power Sector,Trillion Btu
CLEIBUS,198204,921.731,1,Coal Consumed by the Electric Power Sector,Trillion Btu
CLEIBUS,198205,966.905,1,Coal Consumed by the Electric Power Sector,Trillion Btu
CLEIBUS,198206,1005.107,1,Coal Consumed by the Electric Power Sector,Trillion Btu
CLEIBUS,198207,1170.917,1,Coal Consumed by the Electric Power Sector,Trillion Btu
CLEIBUS,198208,1162.236,1,Coal Consumed by the Electric Power Sector,Trillion Btu
CLEIBUS,198209,1026.094,1,Coal Consumed by the Electric Power Sector,Trillion Btu
CLEIBUS,198210,981.915,1,Coal Consumed by the Electric Power Sector,Trillion Btu
CLEIBUS,198211,1013.052,1,Coal Consumed by the Electric Power Sector,Trillion Btu
CLEIBUS,198212,1079.067,1,Coal Consumed by the Electric Power Sector,Trillion Btu
CLEIBUS,198213,12582.15,1,Coal Consumed by the Electric Power Sector,Trillion Btu
CLEIBUS,198301,1127.477,1,Coal Consumed by the Electric Power Sector,Trillion Btu
CLEIBUS,198302,967.307,1,Coal Consumed by the Electric Power Sector,Trillion Btu
CLEIBUS,198303,995.566,1,Coal Consumed by the Electric Power Sector,Trillion Btu
CLEIBUS,198304,921.158,1,Coal Consumed by the Electric Power Sector,Trillion Btu
CLEIBUS,198305,965.583,1,Coal Consumed by the Electric Power Sector,Trillion Btu
CLEIBUS,198306,1063.791,1,Coal Consumed by the Electric Power Sector,Trillion Btu
CLEIBUS,198307,1276.222,1,Coal Consumed by the Electric Power Sector,Trillion Btu
CLEIBUS,198308,1347.582,1,Coal Consumed by the Electric Power Sector,Trillion Btu
CLEIBUS,198309,1145.667,1,Coal Consumed by the Electric Power Sector,Trillion Btu
CLEIBUS,198310,1071.212,1,Coal Consumed by the Electric Power Sector,Trillion Btu
CLEIBUS,198311,1081.697,1,Coal Consumed by the Electric Power Sector,Trillion Btu
CLEIBUS,198312,1249.326,1,Coal Consumed by the Electric Power Sector,Trillion Btu
CLEIBUS,198313,13212.591,1,Coal Consumed by the Electric Power Sector,Trillion Btu
CLEIBUS,198401,1270.801,1,Coal Consumed by the Electric Power Sector,Trillion Btu
CLEIBUS,198402,1102.683,1,Coal Consumed by the Electric Power Sector,Trillion Btu
CLEIBUS,198403,1150.715,1,Coal Consumed by the Electric Power Sector,Trillion Btu
CLEIBUS,198404,1003.664,1,Coal Consumed by the Electric Power Sector,Trillion Btu
CLEIBUS,198405,1044.654,1,Coal Consumed by the Electric Power Sector,Trillion Btu
CLEIBUS,198406,1202.143,1,Coal Consumed by the Electric Power Sector,Trillion Btu
CLEIBUS,198407,1273.63,1,Coal Consumed by the Electric Power Sector,Trillion Btu
CLEIBUS,198408,1337.709,1,Coal Consumed by the Electric Power Sector,Trillion Btu
CLEIBUS,198409,1140.396,1,Coal Consumed by the Electric Power Sector,Trillion Btu
CLEIBUS,198410,1155.333,1,Coal Consumed by the Electric Power Sector,Trillion Btu
CLEIBUS,198411,1144.294,1,Coal Consumed by the Electric Power Sector,Trillion Btu
CLEIBUS,198412,1193.464,1,Coal Consumed by the Electric Power Sector,Trillion Btu
CLEIBUS,198413,14019.485,1,Coal Consumed by the Electric Power Sector,Trillion Btu
CLEIBUS,198501,1333.926,1,Coal Consumed by the Electric Power Sector,Trillion Btu
CLEIBUS,198502,1163.029,1,Coal Consumed by the Electric Power Sector,Trillion Btu
CLEIBUS,198503,1148.21,1,Coal Consumed by the Electric Power Sector,Trillion Btu
CLEIBUS,198504,1066.866,1,Coal Consumed by the Electric Power Sector,Trillion Btu
CLEIBUS,198505,1144.261,1,Coal Consumed by the Electric Power Sector,Trillion Btu
CLEIBUS,198506,1207.961,1,Coal Consumed by the Electric Power Sector,Trillion Btu
CLEIBUS,198507,1346.657,1,Coal Consumed by the Electric Power Sector,Trillion Btu
CLEIBUS,198508,1322.015,1,Coal Consumed by the Electric Power Sector,Trillion Btu
CLEIBUS,198509,1190.05,1,Coal Consumed by the Electric Power Sector,Trillion Btu
CLEIBUS,198510,1152.095,1,Coal Consumed by the Electric Power Sector,Trillion Btu
CLEIBUS,198511,1138.304,1,Coal Consumed by the Electric Power Sector,Trillion Btu
CLEIBUS,198512,1328.835,1,Coal Consumed by the Electric Power Sector,Trillion Btu
CLEIBUS,198513,14542.209,1,Coal Consumed by the Electric Power Sector,Trillion Btu
CLEIBUS,198601,1350.088,1,Coal Consumed by the Electric Power Sector,Trillion Btu
CLEIBUS,198602,1160.681,1,Coal Consumed by the Electric Power Sector,Trillion Btu
CLEIBUS,198603,1136.389,1,Coal Consumed by the Electric Power Sector,Trillion Btu
CLEIBUS,198604,1014.432,1,Coal Consumed by the Electric Power Sector,Trillion Btu
CLEIBUS,198605,1084.141,1,Coal Consumed by the Electric Power Sector,Trillion Btu
CLEIBUS,198606,1241.675,1,Coal Consumed by the Electric Power Sector,Trillion Btu
CLEIBUS,198607,1434.162,1,Coal Consumed by the Electric Power Sector,Trillion Btu
CLEIBUS,198608,1301.069,1,Coal Consumed by the Electric Power Sector,Trillion Btu
CLEIBUS,198609,1192.001,1,Coal Consumed by the Electric Power Sector,Trillion Btu
CLEIBUS,198610,1140.981,1,Coal Consumed by the Electric Power Sector,Trillion Btu
CLEIBUS,198611,1141.859,1,Coal Consumed by the Electric Power Sector,Trillion Btu
CLEIBUS,198612,1246.239,1,Coal Consumed by the Electric Power Sector,Trillion Btu
CLEIBUS,198613,14443.716,1,Coal Consumed by the Electric Power Sector,Trillion Btu
CLEIBUS,198701,1319.189,1,Coal Consumed by the Electric Power Sector,Trillion Btu
CLEIBUS,198702,1135.326,1,Coal Consumed by the Electric Power Sector,Trillion Btu
CLEIBUS,198703,1155.024,1,Coal Consumed by the Electric Power Sector,Trillion Btu
CLEIBUS,198704,1087.122,1,Coal Consumed by the Electric Power Sector,Trillion Btu
CLEIBUS,198705,1193.845,1,Coal Consumed by the Electric Power Sector,Trillion Btu
CLEIBUS,198706,1342.13,1,Coal Consumed by the Electric Power Sector,Trillion Btu
CLEIBUS,198707,1495.081,1,Coal Consumed by the Electric Power Sector,Trillion Btu
CLEIBUS,198708,1481.1,1,Coal Consumed by the Electric Power Sector,Trillion Btu
CLEIBUS,198709,1252.508,1,Coal Consumed by the Electric Power Sector,Trillion Btu
CLEIBUS,198710,1207.229,1,Coal Consumed by the Electric Power Sector,Trillion Btu
CLEIBUS,198711,1182.788,1,Coal Consumed by the Electric Power Sector,Trillion Btu
CLEIBUS,198712,1322.069,1,Coal Consumed by the Electric Power Sector,Trillion Btu
CLEIBUS,198713,15173.411,1,Coal Consumed by the Electric Power Sector,Trillion Btu
CLEIBUS,198801,1418.055,1,Coal Consumed by the Electric Power Sector,Trillion Btu
CLEIBUS,198802,1283.283,1,Coal Consumed by the Electric Power Sector,Trillion Btu
CLEIBUS,198803,1228.043,1,Coal Consumed by the Electric Power Sector,Trillion Btu
CLEIBUS,198804,1131.426,1,Coal Consumed by the Electric Power Sector,Trillion Btu
CLEIBUS,198805,1181.465,1,Coal Consumed by the Electric Power Sector,Trillion Btu
CLEIBUS,198806,1365.659,1,Coal Consumed by the Electric Power Sector,Trillion Btu
CLEIBUS,198807,1499.555,1,Coal Consumed by the Electric Power Sector,Trillion Btu
CLEIBUS,198808,1572.779,1,Coal Consumed by the Electric Power Sector,Trillion Btu
CLEIBUS,198809,1286.189,1,Coal Consumed by the Electric Power Sector,Trillion Btu
CLEIBUS,198810,1244.835,1,Coal Consumed by the Electric Power Sector,Trillion Btu
CLEIBUS,198811,1239.465,1,Coal Consumed by the Electric Power Sector,Trillion Btu
CLEIBUS,198812,1399.214,1,Coal Consumed by the Electric Power Sector,Trillion Btu
CLEIBUS,198813,15849.966,1,Coal Consumed by the Electric Power Sector,Trillion Btu
CLEIBUS,198901,1404.937,1,Coal Consumed by the Electric Power Sector,Trillion Btu
CLEIBUS,198902,1321.126,1,Coal Consumed by the Electric Power Sector,Trillion Btu
CLEIBUS,198903,1304.738,1,Coal Consumed by the Electric Power Sector,Trillion Btu
CLEIBUS,198904,1181.398,1,Coal Consumed by the Electric Power Sector,Trillion Btu
CLEIBUS,198905,1231.56,1,Coal Consumed by the Electric Power Sector,Trillion Btu
CLEIBUS,198906,1339.04,1,Coal Consumed by the Electric Power Sector,Trillion Btu
CLEIBUS,198907,1467.09,1,Coal Consumed by the Electric Power Sector,Trillion Btu
CLEIBUS,198908,1483.354,1,Coal Consumed by the Electric Power Sector,Trillion Btu
CLEIBUS,198909,1323.774,1,Coal Consumed by the Electric Power Sector,Trillion Btu
CLEIBUS,198910,1274.359,1,Coal Consumed by the Electric Power Sector,Trillion Btu
CLEIBUS,198911,1283.718,1,Coal Consumed by the Electric Power Sector,Trillion Btu
CLEIBUS,198912,1522.129,1,Coal Consumed by the Electric Power Sector,Trillion Btu
CLEIBUS,198913,16137.221,1,Coal Consumed by the Electric Power Sector,Trillion Btu
CLEIBUS,199001,1396.678,1,Coal Consumed by the Electric Power Sector,Trillion Btu
CLEIBUS,199002,1221.595,1,Coal Consumed by the Electric Power Sector,Trillion Btu
CLEIBUS,199003,1279.869,1,Coal Consumed by the Electric Power Sector,Trillion Btu
CLEIBUS,199004,1217.911,1,Coal Consumed by the Electric Power Sector,Trillion Btu
CLEIBUS,199005,1245.719,1,Coal Consumed by the Electric Power Sector,Trillion Btu
CLEIBUS,199006,1373.528,1,Coal Consumed by the Electric Power Sector,Trillion Btu
CLEIBUS,199007,1504.097,1,Coal Consumed by the Electric Power Sector,Trillion Btu
CLEIBUS,199008,1536.786,1,Coal Consumed by the Electric Power Sector,Trillion Btu
CLEIBUS,199009,1408.439,1,Coal Consumed by the Electric Power Sector,Trillion Btu
CLEIBUS,199010,1353.36,1,Coal Consumed by the Electric Power Sector,Trillion Btu
CLEIBUS,199011,1283.16,1,Coal Consumed by the Electric Power Sector,Trillion Btu
CLEIBUS,199012,1439.81,1,Coal Consumed by the Electric Power Sector,Trillion Btu
CLEIBUS,199013,16260.952,1,Coal Consumed by the Electric Power Sector,Trillion Btu
CLEIBUS,199101,1502.487,1,Coal Consumed by the Electric Power Sector,Trillion Btu
CLEIBUS,199102,1233.331,1,Coal Consumed by the Electric Power Sector,Trillion Btu
CLEIBUS,199103,1247.166,1,Coal Consumed by the Electric Power Sector,Trillion Btu
CLEIBUS,199104,1166.598,1,Coal Consumed by the Electric Power Sector,Trillion Btu
CLEIBUS,199105,1288.331,1,Coal Consumed by the Electric Power Sector,Trillion Btu
CLEIBUS,199106,1384.892,1,Coal Consumed by the Electric Power Sector,Trillion Btu
CLEIBUS,199107,1511.871,1,Coal Consumed by the Electric Power Sector,Trillion Btu
CLEIBUS,199108,1512.547,1,Coal Consumed by the Electric Power Sector,Trillion Btu
CLEIBUS,199109,1355.019,1,Coal Consumed by the Electric Power Sector,Trillion Btu
CLEIBUS,199110,1302.117,1,Coal Consumed by the Electric Power Sector,Trillion Btu
CLEIBUS,199111,1342.738,1,Coal Consumed by the Electric Power Sector,Trillion Btu
CLEIBUS,199112,1402.611,1,Coal Consumed by the Electric Power Sector,Trillion Btu
CLEIBUS,199113,16249.709,1,Coal Consumed by the Electric Power Sector,Trillion Btu
CLEIBUS,199201,1441.298,1,Coal Consumed by the Electric Power Sector,Trillion Btu
CLEIBUS,199202,1270.666,1,Coal Consumed by the Electric Power Sector,Trillion Btu
CLEIBUS,199203,1323.915,1,Coal Consumed by the Electric Power Sector,Trillion Btu
CLEIBUS,199204,1241.349,1,Coal Consumed by the Electric Power Sector,Trillion Btu
CLEIBUS,199205,1279.281,1,Coal Consumed by the Electric Power Sector,Trillion Btu
CLEIBUS,199206,1353.841,1,Coal Consumed by the Electric Power Sector,Trillion Btu
CLEIBUS,199207,1558.504,1,Coal Consumed by the Electric Power Sector,Trillion Btu
CLEIBUS,199208,1491.399,1,Coal Consumed by the Electric Power Sector,Trillion Btu
CLEIBUS,199209,1392.792,1,Coal Consumed by the Electric Power Sector,Trillion Btu
CLEIBUS,199210,1326.058,1,Coal Consumed by the Electric Power Sector,Trillion Btu
CLEIBUS,199211,1321.956,1,Coal Consumed by the Electric Power Sector,Trillion Btu
CLEIBUS,199212,1464.535,1,Coal Consumed by the Electric Power Sector,Trillion Btu
CLEIBUS,199213,16465.595,1,Coal Consumed by the Electric Power Sector,Trillion Btu
CLEIBUS,199301,1466.971,1,Coal Consumed by the Electric Power Sector,Trillion Btu
CLEIBUS,199302,1348.861,1,Coal Consumed by the Electric Power Sector,Trillion Btu
CLEIBUS,199303,1417.784,1,Coal Consumed by the Electric Power Sector,Trillion Btu
CLEIBUS,199304,1259.747,1,Coal Consumed by the Electric Power Sector,Trillion Btu
CLEIBUS,199305,1268.948,1,Coal Consumed by the Electric Power Sector,Trillion Btu
CLEIBUS,199306,1439.882,1,Coal Consumed by the Electric Power Sector,Trillion Btu
CLEIBUS,199307,1663.92,1,Coal Consumed by the Electric Power Sector,Trillion Btu
CLEIBUS,199308,1647.333,1,Coal Consumed by the Electric Power Sector,Trillion Btu
CLEIBUS,199309,1405.521,1,Coal Consumed by the Electric Power Sector,Trillion Btu
CLEIBUS,199310,1372.721,1,Coal Consumed by the Electric Power Sector,Trillion Btu
CLEIBUS,199311,1388.288,1,Coal Consumed by the Electric Power Sector,Trillion Btu
CLEIBUS,199312,1515.952,1,Coal Consumed by the Electric Power Sector,Trillion Btu
CLEIBUS,199313,17195.927,1,Coal Consumed by the Electric Power Sector,Trillion Btu
CLEIBUS,199401,1612.77,1,Coal Consumed by the Electric Power Sector,Trillion Btu
CLEIBUS,199402,1382.422,1,Coal Consumed by the Electric Power Sector,Trillion Btu
CLEIBUS,199403,1396.008,1,Coal Consumed by the Electric Power Sector,Trillion Btu
CLEIBUS,199404,1268.057,1,Coal Consumed by the Electric Power Sector,Trillion Btu
CLEIBUS,199405,1332.352,1,Coal Consumed by the Electric Power Sector,Trillion Btu
CLEIBUS,199406,1544.51,1,Coal Consumed by the Electric Power Sector,Trillion Btu
CLEIBUS,199407,1615.461,1,Coal Consumed by the Electric Power Sector,Trillion Btu
CLEIBUS,199408,1598.42,1,Coal Consumed by the Electric Power Sector,Trillion Btu
CLEIBUS,199409,1403.33,1,Coal Consumed by the Electric Power Sector,Trillion Btu
CLEIBUS,199410,1361.138,1,Coal Consumed by the Electric Power Sector,Trillion Btu
CLEIBUS,199411,1306.846,1,Coal Consumed by the Electric Power Sector,Trillion Btu
CLEIBUS,199412,1439.562,1,Coal Consumed by the Electric Power Sector,Trillion Btu
CLEIBUS,199413,17260.875,1,Coal Consumed by the Electric Power Sector,Trillion Btu
CLEIBUS,199501,1504.971,1,Coal Consumed by the Electric Power Sector,Trillion Btu
CLEIBUS,199502,1343.82,1,Coal Consumed by the Electric Power Sector,Trillion Btu
CLEIBUS,199503,1339.336,1,Coal Consumed by the Electric Power Sector,Trillion Btu
CLEIBUS,199504,1245.378,1,Coal Consumed by the Electric Power Sector,Trillion Btu
CLEIBUS,199505,1320.072,1,Coal Consumed by the Electric Power Sector,Trillion Btu
CLEIBUS,199506,1460.965,1,Coal Consumed by the Electric Power Sector,Trillion Btu
CLEIBUS,199507,1678.94,1,Coal Consumed by the Electric Power Sector,Trillion Btu
CLEIBUS,199508,1763.901,1,Coal Consumed by the Electric Power Sector,Trillion Btu
CLEIBUS,199509,1445.838,1,Coal Consumed by the Electric Power Sector,Trillion Btu
CLEIBUS,199510,1397.419,1,Coal Consumed by the Electric Power Sector,Trillion Btu
CLEIBUS,199511,1415.518,1,Coal Consumed by the Electric Power Sector,Trillion Btu
CLEIBUS,199512,1550.127,1,Coal Consumed by the Electric Power Sector,Trillion Btu
CLEIBUS,199513,17466.285,1,Coal Consumed by the Electric Power Sector,Trillion Btu
CLEIBUS,199601,1618.631,1,Coal Consumed by the Electric Power Sector,Trillion Btu
CLEIBUS,199602,1455.957,1,Coal Consumed by the Electric Power Sector,Trillion Btu
CLEIBUS,199603,1455.069,1,Coal Consumed by the Electric Power Sector,Trillion Btu
CLEIBUS,199604,1313.336,1,Coal Consumed by the Electric Power Sector,Trillion Btu
CLEIBUS,199605,1419.863,1,Coal Consumed by the Electric Power Sector,Trillion Btu
CLEIBUS,199606,1548.323,1,Coal Consumed by the Electric Power Sector,Trillion Btu
CLEIBUS,199607,1692.497,1,Coal Consumed by the Electric Power Sector,Trillion Btu
CLEIBUS,199608,1714.146,1,Coal Consumed by the Electric Power Sector,Trillion Btu
CLEIBUS,199609,1515.36,1,Coal Consumed by the Electric Power Sector,Trillion Btu
CLEIBUS,199610,1508.039,1,Coal Consumed by the Electric Power Sector,Trillion Btu
CLEIBUS,199611,1549.258,1,Coal Consumed by the Electric Power Sector,Trillion Btu
CLEIBUS,199612,1638.548,1,Coal Consumed by the Electric Power Sector,Trillion Btu
CLEIBUS,199613,18429.027,1,Coal Consumed by the Electric Power Sector,Trillion Btu
CLEIBUS,199701,1706.779,1,Coal Consumed by the Electric Power Sector,Trillion Btu
CLEIBUS,199702,1429.361,1,Coal Consumed by the Electric Power Sector,Trillion Btu
CLEIBUS,199703,1456.936,1,Coal Consumed by the Electric Power Sector,Trillion Btu
CLEIBUS,199704,1370.994,1,Coal Consumed by the Electric Power Sector,Trillion Btu
CLEIBUS,199705,1436.219,1,Coal Consumed by the Electric Power Sector,Trillion Btu
CLEIBUS,199706,1552.974,1,Coal Consumed by the Electric Power Sector,Trillion Btu
CLEIBUS,199707,1778.986,1,Coal Consumed by the Electric Power Sector,Trillion Btu
CLEIBUS,199708,1734.978,1,Coal Consumed by the Electric Power Sector,Trillion Btu
CLEIBUS,199709,1602.721,1,Coal Consumed by the Electric Power Sector,Trillion Btu
CLEIBUS,199710,1600.618,1,Coal Consumed by the Electric Power Sector,Trillion Btu
CLEIBUS,199711,1540.359,1,Coal Consumed by the Electric Power Sector,Trillion Btu
CLEIBUS,199712,1693.614,1,Coal Consumed by the Electric Power Sector,Trillion Btu
CLEIBUS,199713,18904.538,1,Coal Consumed by the Electric Power Sector,Trillion Btu
CLEIBUS,199801,1677.547,1,Coal Consumed by the Electric Power Sector,Trillion Btu
CLEIBUS,199802,1457.663,1,Coal Consumed by the Electric Power Sector,Trillion Btu
CLEIBUS,199803,1515.06,1,Coal Consumed by the Electric Power Sector,Trillion Btu
CLEIBUS,199804,1402.328,1,Coal Consumed by the Electric Power Sector,Trillion Btu
CLEIBUS,199805,1537.196,1,Coal Consumed by the Electric Power Sector,Trillion Btu
CLEIBUS,199806,1666.923,1,Coal Consumed by the Electric Power Sector,Trillion Btu
CLEIBUS,199807,1839.335,1,Coal Consumed by the Electric Power Sector,Trillion Btu
CLEIBUS,199808,1836.713,1,Coal Consumed by the Electric Power Sector,Trillion Btu
CLEIBUS,199809,1647.139,1,Coal Consumed by the Electric Power Sector,Trillion Btu
CLEIBUS,199810,1548.601,1,Coal Consumed by the Electric Power Sector,Trillion Btu
CLEIBUS,199811,1465.171,1,Coal Consumed by the Electric Power Sector,Trillion Btu
CLEIBUS,199812,1622.006,1,Coal Consumed by the Electric Power Sector,Trillion Btu
CLEIBUS,199813,19215.682,1,Coal Consumed by the Electric Power Sector,Trillion Btu
CLEIBUS,199901,1694.307,1,Coal Consumed by the Electric Power Sector,Trillion Btu
CLEIBUS,199902,1449.637,1,Coal Consumed by the Electric Power Sector,Trillion Btu
CLEIBUS,199903,1524.048,1,Coal Consumed by the Electric Power Sector,Trillion Btu
CLEIBUS,199904,1443.577,1,Coal Consumed by the Electric Power Sector,Trillion Btu
CLEIBUS,199905,1521.13,1,Coal Consumed by the Electric Power Sector,Trillion Btu
CLEIBUS,199906,1652.213,1,Coal Consumed by the Electric Power Sector,Trillion Btu
CLEIBUS,199907,1883.632,1,Coal Consumed by the Electric Power Sector,Trillion Btu
CLEIBUS,199908,1823.647,1,Coal Consumed by the Electric Power Sector,Trillion Btu
CLEIBUS,199909,1625.939,1,Coal Consumed by the Electric Power Sector,Trillion Btu
CLEIBUS,199910,1548.76,1,Coal Consumed by the Electric Power Sector,Trillion Btu
CLEIBUS,199911,1491.779,1,Coal Consumed by the Electric Power Sector,Trillion Btu
CLEIBUS,199912,1620.819,1,Coal Consumed by the Electric Power Sector,Trillion Btu
CLEIBUS,199913,19279.487,1,Coal Consumed by the Electric Power Sector,Trillion Btu
CLEIBUS,200001,1813.928,1,Coal Consumed by the Electric Power Sector,Trillion Btu
CLEIBUS,200002,1633.977,1,Coal Consumed by the Electric Power Sector,Trillion Btu
CLEIBUS,200003,1598.281,1,Coal Consumed by the Electric Power Sector,Trillion Btu
CLEIBUS,200004,1440.363,1,Coal Consumed by the Electric Power Sector,Trillion Btu
CLEIBUS,200005,1586.579,1,Coal Consumed by the Electric Power Sector,Trillion Btu
CLEIBUS,200006,1739.114,1,Coal Consumed by the Electric Power Sector,Trillion Btu
CLEIBUS,200007,1813.022,1,Coal Consumed by the Electric Power Sector,Trillion Btu
CLEIBUS,200008,1882.885,1,Coal Consumed by the Electric Power Sector,Trillion Btu
CLEIBUS,200009,1664.159,1,Coal Consumed by the Electric Power Sector,Trillion Btu
CLEIBUS,200010,1643.222,1,Coal Consumed by the Electric Power Sector,Trillion Btu
CLEIBUS,200011,1626.266,1,Coal Consumed by the Electric Power Sector,Trillion Btu
CLEIBUS,200012,1778.377,1,Coal Consumed by the Electric Power Sector,Trillion Btu
CLEIBUS,200013,20220.171,1,Coal Consumed by the Electric Power Sector,Trillion Btu
CLEIBUS,200101,1797.689,1,Coal Consumed by the Electric Power Sector,Trillion Btu
CLEIBUS,200102,1533.435,1,Coal Consumed by the Electric Power Sector,Trillion Btu
CLEIBUS,200103,1584.64,1,Coal Consumed by the Electric Power Sector,Trillion Btu
CLEIBUS,200104,1431.405,1,Coal Consumed by the Electric Power Sector,Trillion Btu
CLEIBUS,200105,1560.68,1,Coal Consumed by the Electric Power Sector,Trillion Btu
CLEIBUS,200106,1672.631,1,Coal Consumed by the Electric Power Sector,Trillion Btu
CLEIBUS,200107,1855.585,1,Coal Consumed by the Electric Power Sector,Trillion Btu
CLEIBUS,200108,1895.178,1,Coal Consumed by the Electric Power Sector,Trillion Btu
CLEIBUS,200109,1607.025,1,Coal Consumed by the Electric Power Sector,Trillion Btu
CLEIBUS,200110,1538.189,1,Coal Consumed by the Electric Power Sector,Trillion Btu
CLEIBUS,200111,1493.365,1,Coal Consumed by the Electric Power Sector,Trillion Btu
CLEIBUS,200112,1643.852,1,Coal Consumed by the Electric Power Sector,Trillion Btu
CLEIBUS,200113,19613.673,1,Coal Consumed by the Electric Power Sector,Trillion Btu
CLEIBUS,200201,1668.097,1,Coal Consumed by the Electric Power Sector,Trillion Btu
CLEIBUS,200202,1460.06,1,Coal Consumed by the Electric Power Sector,Trillion Btu
CLEIBUS,200203,1534.506,1,Coal Consumed by the Electric Power Sector,Trillion Btu
CLEIBUS,200204,1448.239,1,Coal Consumed by the Electric Power Sector,Trillion Btu
CLEIBUS,200205,1548.768,1,Coal Consumed by the Electric Power Sector,Trillion Btu
CLEIBUS,200206,1691.185,1,Coal Consumed by the Electric Power Sector,Trillion Btu
CLEIBUS,200207,1877.404,1,Coal Consumed by the Electric Power Sector,Trillion Btu
CLEIBUS,200208,1856.887,1,Coal Consumed by the Electric Power Sector,Trillion Btu
CLEIBUS,200209,1702.907,1,Coal Consumed by the Electric Power Sector,Trillion Btu
CLEIBUS,200210,1633.498,1,Coal Consumed by the Electric Power Sector,Trillion Btu
CLEIBUS,200211,1604.898,1,Coal Consumed by the Electric Power Sector,Trillion Btu
CLEIBUS,200212,1756.332,1,Coal Consumed by the Electric Power Sector,Trillion Btu
CLEIBUS,200213,19782.781,1,Coal Consumed by the Electric Power Sector,Trillion Btu
CLEIBUS,200301,1834.715,1,Coal Consumed by the Electric Power Sector,Trillion Btu
CLEIBUS,200302,1595.463,1,Coal Consumed by the Electric Power Sector,Trillion Btu
CLEIBUS,200303,1577.577,1,Coal Consumed by the Electric Power Sector,Trillion Btu
CLEIBUS,200304,1445.906,1,Coal Consumed by the Electric Power Sector,Trillion Btu
CLEIBUS,200305,1541.742,1,Coal Consumed by the Electric Power Sector,Trillion Btu
CLEIBUS,200306,1673.087,1,Coal Consumed by the Electric Power Sector,Trillion Btu
CLEIBUS,200307,1867.515,1,Coal Consumed by the Electric Power Sector,Trillion Btu
CLEIBUS,200308,1899.054,1,Coal Consumed by the Electric Power Sector,Trillion Btu
CLEIBUS,200309,1692.801,1,Coal Consumed by the Electric Power Sector,Trillion Btu
CLEIBUS,200310,1623.763,1,Coal Consumed by the Electric Power Sector,Trillion Btu
CLEIBUS,200311,1630.708,1,Coal Consumed by the Electric Power Sector,Trillion Btu
CLEIBUS,200312,1802.411,1,Coal Consumed by the Electric Power Sector,Trillion Btu
CLEIBUS,200313,20184.743,1,Coal Consumed by the Electric Power Sector,Trillion Btu
CLEIBUS,200401,1832.403,1,Coal Consumed by the Electric Power Sector,Trillion Btu
CLEIBUS,200402,1646.375,1,Coal Consumed by the Electric Power Sector,Trillion Btu
CLEIBUS,200403,1561.438,1,Coal Consumed by the Electric Power Sector,Trillion Btu
CLEIBUS,200404,1443.716,1,Coal Consumed by the Electric Power Sector,Trillion Btu
CLEIBUS,200405,1607.461,1,Coal Consumed by the Electric Power Sector,Trillion Btu
CLEIBUS,200406,1714.025,1,Coal Consumed by the Electric Power Sector,Trillion Btu
CLEIBUS,200407,1865.747,1,Coal Consumed by the Electric Power Sector,Trillion Btu
CLEIBUS,200408,1838.287,1,Coal Consumed by the Electric Power Sector,Trillion Btu
CLEIBUS,200409,1705.253,1,Coal Consumed by the Electric Power Sector,Trillion Btu
CLEIBUS,200410,1625.976,1,Coal Consumed by the Electric Power Sector,Trillion Btu
CLEIBUS,200411,1636.442,1,Coal Consumed by the Electric Power Sector,Trillion Btu
CLEIBUS,200412,1827.912,1,Coal Consumed by the Electric Power Sector,Trillion Btu
CLEIBUS,200413,20305.035,1,Coal Consumed by the Electric Power Sector,Trillion Btu
CLEIBUS,200501,1834.672,1,Coal Consumed by the Electric Power Sector,Trillion Btu
CLEIBUS,200502,1605.133,1,Coal Consumed by the Electric Power Sector,Trillion Btu
CLEIBUS,200503,1671.012,1,Coal Consumed by the Electric Power Sector,Trillion Btu
CLEIBUS,200504,1469.172,1,Coal Consumed by the Electric Power Sector,Trillion Btu
CLEIBUS,200505,1585.163,1,Coal Consumed by the Electric Power Sector,Trillion Btu
CLEIBUS,200506,1788.879,1,Coal Consumed by the Electric Power Sector,Trillion Btu
CLEIBUS,200507,1924.284,1,Coal Consumed by the Electric Power Sector,Trillion Btu
CLEIBUS,200508,1944.512,1,Coal Consumed by the Electric Power Sector,Trillion Btu
CLEIBUS,200509,1768.901,1,Coal Consumed by the Electric Power Sector,Trillion Btu
CLEIBUS,200510,1679.633,1,Coal Consumed by the Electric Power Sector,Trillion Btu
CLEIBUS,200511,1629.637,1,Coal Consumed by the Electric Power Sector,Trillion Btu
CLEIBUS,200512,1836.242,1,Coal Consumed by the Electric Power Sector,Trillion Btu
CLEIBUS,200513,20737.241,1,Coal Consumed by the Electric Power Sector,Trillion Btu
CLEIBUS,200601,1740.317,1,Coal Consumed by the Electric Power Sector,Trillion Btu
CLEIBUS,200602,1615.276,1,Coal Consumed by the Electric Power Sector,Trillion Btu
CLEIBUS,200603,1644.292,1,Coal Consumed by the Electric Power Sector,Trillion Btu
CLEIBUS,200604,1446.189,1,Coal Consumed by the Electric Power Sector,Trillion Btu
CLEIBUS,200605,1604.743,1,Coal Consumed by the Electric Power Sector,Trillion Btu
CLEIBUS,200606,1740.358,1,Coal Consumed by the Electric Power Sector,Trillion Btu
CLEIBUS,200607,1935.561,1,Coal Consumed by the Electric Power Sector,Trillion Btu
CLEIBUS,200608,1956.895,1,Coal Consumed by the Electric Power Sector,Trillion Btu
CLEIBUS,200609,1680.719,1,Coal Consumed by the Electric Power Sector,Trillion Btu
CLEIBUS,200610,1668.712,1,Coal Consumed by the Electric Power Sector,Trillion Btu
CLEIBUS,200611,1640.182,1,Coal Consumed by the Electric Power Sector,Trillion Btu
CLEIBUS,200612,1788.64,1,Coal Consumed by the Electric Power Sector,Trillion Btu
CLEIBUS,200613,20461.883,1,Coal Consumed by the Electric Power Sector,Trillion Btu
CLEIBUS,200701,1825.384,1,Coal Consumed by the Electric Power Sector,Trillion Btu
CLEIBUS,200702,1672.881,1,Coal Consumed by the Electric Power Sector,Trillion Btu
CLEIBUS,200703,1628.616,1,Coal Consumed by the Electric Power Sector,Trillion Btu
CLEIBUS,200704,1508.136,1,Coal Consumed by the Electric Power Sector,Trillion Btu
CLEIBUS,200705,1615.418,1,Coal Consumed by the Electric Power Sector,Trillion Btu
CLEIBUS,200706,1785.824,1,Coal Consumed by the Electric Power Sector,Trillion Btu
CLEIBUS,200707,1922.181,1,Coal Consumed by the Electric Power Sector,Trillion Btu
CLEIBUS,200708,1972.7,1,Coal Consumed by the Electric Power Sector,Trillion Btu
CLEIBUS,200709,1750.444,1,Coal Consumed by the Electric Power Sector,Trillion Btu
CLEIBUS,200710,1668.565,1,Coal Consumed by the Electric Power Sector,Trillion Btu
CLEIBUS,200711,1640.359,1,Coal Consumed by the Electric Power Sector,Trillion Btu
CLEIBUS,200712,1817.213,1,Coal Consumed by the Electric Power Sector,Trillion Btu
CLEIBUS,200713,20807.722,1,Coal Consumed by the Electric Power Sector,Trillion Btu
CLEIBUS,200801,1862.077,1,Coal Consumed by the Electric Power Sector,Trillion Btu
CLEIBUS,200802,1707.656,1,Coal Consumed by the Electric Power Sector,Trillion Btu
CLEIBUS,200803,1640.425,1,Coal Consumed by the Electric Power Sector,Trillion Btu
CLEIBUS,200804,1513.035,1,Coal Consumed by the Electric Power Sector,Trillion Btu
CLEIBUS,200805,1597.854,1,Coal Consumed by the Electric Power Sector,Trillion Btu
CLEIBUS,200806,1761.302,1,Coal Consumed by the Electric Power Sector,Trillion Btu
CLEIBUS,200807,1932.511,1,Coal Consumed by the Electric Power Sector,Trillion Btu
CLEIBUS,200808,1884.363,1,Coal Consumed by the Electric Power Sector,Trillion Btu
CLEIBUS,200809,1683.012,1,Coal Consumed by the Electric Power Sector,Trillion Btu
CLEIBUS,200810,1576.693,1,Coal Consumed by the Electric Power Sector,Trillion Btu
CLEIBUS,200811,1594.455,1,Coal Consumed by the Electric Power Sector,Trillion Btu
CLEIBUS,200812,1759.572,1,Coal Consumed by the Electric Power Sector,Trillion Btu
CLEIBUS,200813,20512.955,1,Coal Consumed by the Electric Power Sector,Trillion Btu
CLEIBUS,200901,1769.382,1,Coal Consumed by the Electric Power Sector,Trillion Btu
CLEIBUS,200902,1449.514,1,Coal Consumed by the Electric Power Sector,Trillion Btu
CLEIBUS,200903,1404.497,1,Coal Consumed by the Electric Power Sector,Trillion Btu
CLEIBUS,200904,1310.315,1,Coal Consumed by the Electric Power Sector,Trillion Btu
CLEIBUS,200905,1374.767,1,Coal Consumed by the Electric Power Sector,Trillion Btu
CLEIBUS,200906,1541.254,1,Coal Consumed by the Electric Power Sector,Trillion Btu
CLEIBUS,200907,1644.511,1,Coal Consumed by the Electric Power Sector,Trillion Btu
CLEIBUS,200908,1691.2,1,Coal Consumed by the Electric Power Sector,Trillion Btu
CLEIBUS,200909,1436.091,1,Coal Consumed by the Electric Power Sector,Trillion Btu
CLEIBUS,200910,1454.7,1,Coal Consumed by the Electric Power Sector,Trillion Btu
CLEIBUS,200911,1426.267,1,Coal Consumed by the Electric Power Sector,Trillion Btu
CLEIBUS,200912,1722.835,1,Coal Consumed by the Electric Power Sector,Trillion Btu
CLEIBUS,200913,18225.332,1,Coal Consumed by the Electric Power Sector,Trillion Btu
CLEIBUS,201001,1774.932,1,Coal Consumed by the Electric Power Sector,Trillion Btu
CLEIBUS,201002,1567.555,1,Coal Consumed by the Electric Power Sector,Trillion Btu
CLEIBUS,201003,1493.503,1,Coal Consumed by the Electric Power Sector,Trillion Btu
CLEIBUS,201004,1311.65,1,Coal Consumed by the Electric Power Sector,Trillion Btu
CLEIBUS,201005,1483.432,1,Coal Consumed by the Electric Power Sector,Trillion Btu
CLEIBUS,201006,1707.797,1,Coal Consumed by the Electric Power Sector,Trillion Btu
CLEIBUS,201007,1854.753,1,Coal Consumed by the Electric Power Sector,Trillion Btu
CLEIBUS,201008,1849.413,1,Coal Consumed by the Electric Power Sector,Trillion Btu
CLEIBUS,201009,1553.675,1,Coal Consumed by the Electric Power Sector,Trillion Btu
CLEIBUS,201010,1383.264,1,Coal Consumed by the Electric Power Sector,Trillion Btu
CLEIBUS,201011,1422.945,1,Coal Consumed by the Electric Power Sector,Trillion Btu
CLEIBUS,201012,1730.537,1,Coal Consumed by the Electric Power Sector,Trillion Btu
CLEIBUS,201013,19133.455,1,Coal Consumed by the Electric Power Sector,Trillion Btu
CLEIBUS,201101,1741.101,1,Coal Consumed by the Electric Power Sector,Trillion Btu
CLEIBUS,201102,1421.053,1,Coal Consumed by the Electric Power Sector,Trillion Btu
CLEIBUS,201103,1401.415,1,Coal Consumed by the Electric Power Sector,Trillion Btu
CLEIBUS,201104,1294.497,1,Coal Consumed by the Electric Power Sector,Trillion Btu
CLEIBUS,201105,1418.428,1,Coal Consumed by the Electric Power Sector,Trillion Btu
CLEIBUS,201106,1622.873,1,Coal Consumed by the Electric Power Sector,Trillion Btu
CLEIBUS,201107,1818.775,1,Coal Consumed by the Electric Power Sector,Trillion Btu
CLEIBUS,201108,1779.604,1,Coal Consumed by the Electric Power Sector,Trillion Btu
CLEIBUS,201109,1480.918,1,Coal Consumed by the Electric Power Sector,Trillion Btu
CLEIBUS,201110,1343.392,1,Coal Consumed by the Electric Power Sector,Trillion Btu
CLEIBUS,201111,1294.274,1,Coal Consumed by the Electric Power Sector,Trillion Btu
CLEIBUS,201112,1418.845,1,Coal Consumed by the Electric Power Sector,Trillion Btu
CLEIBUS,201113,18035.175,1,Coal Consumed by the Electric Power Sector,Trillion Btu
CLEIBUS,201201,1356.185,1,Coal Consumed by the Electric Power Sector,Trillion Btu
CLEIBUS,201202,1206.53,1,Coal Consumed by the Electric Power Sector,Trillion Btu
CLEIBUS,201203,1100.131,1,Coal Consumed by the Electric Power Sector,Trillion Btu
CLEIBUS,201204,991.152,1,Coal Consumed by the Electric Power Sector,Trillion Btu
CLEIBUS,201205,1203.528,1,Coal Consumed by the Electric Power Sector,Trillion Btu
CLEIBUS,201206,1373.197,1,Coal Consumed by the Electric Power Sector,Trillion Btu
CLEIBUS,201207,1657.58,1,Coal Consumed by the Electric Power Sector,Trillion Btu
CLEIBUS,201208,1584.599,1,Coal Consumed by the Electric Power Sector,Trillion Btu
CLEIBUS,201209,1331.493,1,Coal Consumed by the Electric Power Sector,Trillion Btu
CLEIBUS,201210,1274.51,1,Coal Consumed by the Electric Power Sector,Trillion Btu
CLEIBUS,201211,1339.766,1,Coal Consumed by the Electric Power Sector,Trillion Btu
CLEIBUS,201212,1402.578,1,Coal Consumed by the Electric Power Sector,Trillion Btu
CLEIBUS,201213,15821.248,1,Coal Consumed by the Electric Power Sector,Trillion Btu
CLEIBUS,201301,1434.834,1,Coal Consumed by the Electric Power Sector,Trillion Btu
CLEIBUS,201302,1283.113,1,Coal Consumed by the Electric Power Sector,Trillion Btu
CLEIBUS,201303,1346.381,1,Coal Consumed by the Electric Power Sector,Trillion Btu
CLEIBUS,201304,1161.64,1,Coal Consumed by the Electric Power Sector,Trillion Btu
CLEIBUS,201305,1235.651,1,Coal Consumed by the Electric Power Sector,Trillion Btu
CLEIBUS,201306,1434.532,1,Coal Consumed by the Electric Power Sector,Trillion Btu
CLEIBUS,201307,1590.793,1,Coal Consumed by the Electric Power Sector,Trillion Btu
CLEIBUS,201308,1567.234,1,Coal Consumed by the Electric Power Sector,Trillion Btu
CLEIBUS,201309,1390.135,1,Coal Consumed by the Electric Power Sector,Trillion Btu
CLEIBUS,201310,1267.545,1,Coal Consumed by the Electric Power Sector,Trillion Btu
CLEIBUS,201311,1260.944,1,Coal Consumed by the Electric Power Sector,Trillion Btu
CLEIBUS,201312,1477.757,1,Coal Consumed by the Electric Power Sector,Trillion Btu
CLEIBUS,201313,16450.559,1,Coal Consumed by the Electric Power Sector,Trillion Btu
CLEIBUS,201401,1610.671,1,Coal Consumed by the Electric Power Sector,Trillion Btu
CLEIBUS,201402,1466.74,1,Coal Consumed by the Electric Power Sector,Trillion Btu
CLEIBUS,201403,1388.872,1,Coal Consumed by the Electric Power Sector,Trillion Btu
CLEIBUS,201404,1117.58,1,Coal Consumed by the Electric Power Sector,Trillion Btu
CLEIBUS,201405,1231.911,1,Coal Consumed by the Electric Power Sector,Trillion Btu
CLEIBUS,201406,1429.837,1,Coal Consumed by the Electric Power Sector,Trillion Btu
CLEIBUS,201407,1568.017,1,Coal Consumed by the Electric Power Sector,Trillion Btu
CLEIBUS,201408,1559.84,1,Coal Consumed by the Electric Power Sector,Trillion Btu
CLEIBUS,201409,1329.398,1,Coal Consumed by the Electric Power Sector,Trillion Btu
CLEIBUS,201410,1175.677,1,Coal Consumed by the Electric Power Sector,Trillion Btu
CLEIBUS,201411,1244.113,1,Coal Consumed by the Electric Power Sector,Trillion Btu
CLEIBUS,201412,1304.745,1,Coal Consumed by the Electric Power Sector,Trillion Btu
CLEIBUS,201413,16427.4,1,Coal Consumed by the Electric Power Sector,Trillion Btu
CLEIBUS,201501,1365.554,1,Coal Consumed by the Electric Power Sector,Trillion Btu
CLEIBUS,201502,1283.95,1,Coal Consumed by the Electric Power Sector,Trillion Btu
CLEIBUS,201503,1115.675,1,Coal Consumed by the Electric Power Sector,Trillion Btu
CLEIBUS,201504,927.605,1,Coal Consumed by the Electric Power Sector,Trillion Btu
CLEIBUS,201505,1092.463,1,Coal Consumed by the Electric Power Sector,Trillion Btu
CLEIBUS,201506,1318.527,1,Coal Consumed by the Electric Power Sector,Trillion Btu
CLEIBUS,201507,1463.744,1,Coal Consumed by the Electric Power Sector,Trillion Btu
CLEIBUS,201508,1410.64,1,Coal Consumed by the Electric Power Sector,Trillion Btu
CLEIBUS,201509,1238.393,1,Coal Consumed by the Electric Power Sector,Trillion Btu
CLEIBUS,201510,1025.403,1,Coal Consumed by the Electric Power Sector,Trillion Btu
CLEIBUS,201511,935.845,1,Coal Consumed by the Electric Power Sector,Trillion Btu
CLEIBUS,201512,960.452,1,Coal Consumed by the Electric Power Sector,Trillion Btu
CLEIBUS,201513,14138.25,1,Coal Consumed by the Electric Power Sector,Trillion Btu
CLEIBUS,201601,1190.065,1,Coal Consumed by the Electric Power Sector,Trillion Btu
CLEIBUS,201602,970.319,1,Coal Consumed by the Electric Power Sector,Trillion Btu
CLEIBUS,201603,765.127,1,Coal Consumed by the Electric Power Sector,Trillion Btu
CLEIBUS,201604,750.012,1,Coal Consumed by the Electric Power Sector,Trillion Btu
CLEIBUS,201605,863.454,1,Coal Consumed by the Electric Power Sector,Trillion Btu
CLEIBUS,201606,1211.435,1,Coal Consumed by the Electric Power Sector,Trillion Btu
CLEIBUS,201607,1421.856,1,Coal Consumed by the Electric Power Sector,Trillion Btu
CLEIBUS,201608,1415.214,1,Coal Consumed by the Electric Power Sector,Trillion Btu
CLEIBUS,201609,1194.864,1,Coal Consumed by the Electric Power Sector,Trillion Btu
CLEIBUS,201610,1046.165,1,Coal Consumed by the Electric Power Sector,Trillion Btu
CLEIBUS,201611,922.776,1,Coal Consumed by the Electric Power Sector,Trillion Btu
CLEIBUS,201612,1245.068,1,Coal Consumed by the Electric Power Sector,Trillion Btu
CLEIBUS,201613,12996.354,1,Coal Consumed by the Electric Power Sector,Trillion Btu
CLEIBUS,201701,1207.105,1,Coal Consumed by the Electric Power Sector,Trillion Btu
CLEIBUS,201702,912.007,1,Coal Consumed by the Electric Power Sector,Trillion Btu
CLEIBUS,201703,928.648,1,Coal Consumed by the Electric Power Sector,Trillion Btu
CLEIBUS,201704,841.961,1,Coal Consumed by the Electric Power Sector,Trillion Btu
CLEIBUS,201705,967.118,1,Coal Consumed by the Electric Power Sector,Trillion Btu
CLEIBUS,201706,1118.36,1,Coal Consumed by the Electric Power Sector,Trillion Btu
CLEIBUS,201707,1326.426,1,Coal Consumed by the Electric Power Sector,Trillion Btu
CLEIBUS,201708,1250.518,1,Coal Consumed by the Electric Power Sector,Trillion Btu
CLEIBUS,201709,1039.785,1,Coal Consumed by the Electric Power Sector,Trillion Btu
CLEIBUS,201710,950.926,1,Coal Consumed by the Electric Power Sector,Trillion Btu
CLEIBUS,201711,968.269,1,Coal Consumed by the Electric Power Sector,Trillion Btu
CLEIBUS,201712,1111.11,1,Coal Consumed by the Electric Power Sector,Trillion Btu
CLEIBUS,201713,12622.233,1,Coal Consumed by the Electric Power Sector,Trillion Btu
CLEIBUS,201801,1228.724,1,Coal Consumed by the Electric Power Sector,Trillion Btu
CLEIBUS,201802,868.148,1,Coal Consumed by the Electric Power Sector,Trillion Btu
CLEIBUS,201803,842.897,1,Coal Consumed by the Electric Power Sector,Trillion Btu
CLEIBUS,201804,768.009,1,Coal Consumed by the Electric Power Sector,Trillion Btu
CLEIBUS,201805,895.731,1,Coal Consumed by the Electric Power Sector,Trillion Btu
CLEIBUS,201806,1062.146,1,Coal Consumed by the Electric Power Sector,Trillion Btu
CLEIBUS,201807,1208.547,1,Coal Consumed by the Electric Power Sector,Trillion Btu
CLEIBUS,201808,1206.967,1,Coal Consumed by the Electric Power Sector,Trillion Btu
CLEIBUS,201809,1021.171,1,Coal Consumed by the Electric Power Sector,Trillion Btu
CLEIBUS,201810,916.879,1,Coal Consumed by the Electric Power Sector,Trillion Btu
CLEIBUS,201811,979.911,1,Coal Consumed by the Electric Power Sector,Trillion Btu
CLEIBUS,201812,1053.826,1,Coal Consumed by the Electric Power Sector,Trillion Btu
CLEIBUS,201813,12052.957,1,Coal Consumed by the Electric Power Sector,Trillion Btu
CLEIBUS,201901,1057.95,1,Coal Consumed by the Electric Power Sector,Trillion Btu
CLEIBUS,201902,852.98,1,Coal Consumed by the Electric Power Sector,Trillion Btu
CLEIBUS,201903,833.586,1,Coal Consumed by the Electric Power Sector,Trillion Btu
CLEIBUS,201904,631.91,1,Coal Consumed by the Electric Power Sector,Trillion Btu
CLEIBUS,201905,756.964,1,Coal Consumed by the Electric Power Sector,Trillion Btu
CLEIBUS,201906,837.342,1,Coal Consumed by the Electric Power Sector,Trillion Btu
CLEIBUS,201907,1057.278,1,Coal Consumed by the Electric Power Sector,Trillion Btu
CLEIBUS,201908,991.11,1,Coal Consumed by the Electric Power Sector,Trillion Btu
CLEIBUS,201909,893.142,1,Coal Consumed by the Electric Power Sector,Trillion Btu
CLEIBUS,201910,709.297,1,Coal Consumed by the Electric Power Sector,Trillion Btu
CLEIBUS,201911,793.497,1,Coal Consumed by the Electric Power Sector,Trillion Btu
CLEIBUS,201912,766.206,1,Coal Consumed by the Electric Power Sector,Trillion Btu
CLEIBUS,201913,10181.262,1,Coal Consumed by the Electric Power Sector,Trillion Btu
CLEIBUS,202001,695.812,1,Coal Consumed by the Electric Power Sector,Trillion Btu
CLEIBUS,202002,606.117,1,Coal Consumed by the Electric Power Sector,Trillion Btu
CLEIBUS,202003,548.033,1,Coal Consumed by the Electric Power Sector,Trillion Btu
CLEIBUS,202004,446.708,1,Coal Consumed by the Electric Power Sector,Trillion Btu
CLEIBUS,202005,506.41,1,Coal Consumed by the Electric Power Sector,Trillion Btu
CLEIBUS,202006,691.529,1,Coal Consumed by the Electric Power Sector,Trillion Btu
CLEIBUS,202007,940.712,1,Coal Consumed by the Electric Power Sector,Trillion Btu
CLEIBUS,202008,953.07,1,Coal Consumed by the Electric Power Sector,Trillion Btu
CLEIBUS,202009,730.981,1,Coal Consumed by the Electric Power Sector,Trillion Btu
CLEIBUS,202010,639.838,1,Coal Consumed by the Electric Power Sector,Trillion Btu
CLEIBUS,202011,647.978,1,Coal Consumed by the Electric Power Sector,Trillion Btu
CLEIBUS,202012,822.096,1,Coal Consumed by the Electric Power Sector,Trillion Btu
CLEIBUS,202013,8229.283,1,Coal Consumed by the Electric Power Sector,Trillion Btu
CLEIBUS,202101,856.05,1,Coal Consumed by the Electric Power Sector,Trillion Btu
CLEIBUS,202102,907.999,1,Coal Consumed by the Electric Power Sector,Trillion Btu
CLEIBUS,202103,653.738,1,Coal Consumed by the Electric Power Sector,Trillion Btu
CLEIBUS,202104,569.289,1,Coal Consumed by the Electric Power Sector,Trillion Btu
CLEIBUS,202105,675.256,1,Coal Consumed by the Electric Power Sector,Trillion Btu
CLEIBUS,202106,909.202,1,Coal Consumed by the Electric Power Sector,Trillion Btu
CLEIBUS,202107,1067.796,1,Coal Consumed by the Electric Power Sector,Trillion Btu
CLEIBUS,202108,1065.542,1,Coal Consumed by the Electric Power Sector,Trillion Btu
CLEIBUS,202109,840.796,1,Coal Consumed by the Electric Power Sector,Trillion Btu
CLEIBUS,202110,674.593,1,Coal Consumed by the Electric Power Sector,Trillion Btu
CLEIBUS,202111,622.184,1,Coal Consumed by the Electric Power Sector,Trillion Btu
CLEIBUS,202112,655.228,1,Coal Consumed by the Electric Power Sector,Trillion Btu
CLEIBUS,202113,9497.672,1,Coal Consumed by the Electric Power Sector,Trillion Btu
CLEIBUS,202201,917.143,1,Coal Consumed by the Electric Power Sector,Trillion Btu
CLEIBUS,202202,752.869,1,Coal Consumed by the Electric Power Sector,Trillion Btu
CLEIBUS,202203,648.292,1,Coal Consumed by the Electric Power Sector,Trillion Btu
CLEIBUS,202204,582.771,1,Coal Consumed by the Electric Power Sector,Trillion Btu
CLEIBUS,202205,662.678,1,Coal Consumed by the Electric Power Sector,Trillion Btu
CLEIBUS,202206,785.822,1,Coal Consumed by the Electric Power Sector,Trillion Btu
CLEIBUS,202207,931.257,1,Coal Consumed by the Electric Power Sector,Trillion Btu
CLEIBUS,202208,910.832,1,Coal Consumed by the Electric Power Sector,Trillion Btu
CLEIBUS,202209,702.993,1,Coal Consumed by the Electric Power Sector,Trillion Btu
CLEIBUS,202210,592.964,1,Coal Consumed by the Electric Power Sector,Trillion Btu
CLEIBUS,202211,610.805,1,Coal Consumed by the Electric Power Sector,Trillion Btu
CLEIBUS,202212,787.066,1,Coal Consumed by the Electric Power Sector,Trillion Btu
CLEIBUS,202213,8885.491,1,Coal Consumed by the Electric Power Sector,Trillion Btu
CLEIBUS,202301,665.743,1,Coal Consumed by the Electric Power Sector,Trillion Btu
CLEIBUS,202302,503.541,1,Coal Consumed by the Electric Power Sector,Trillion Btu
CLEIBUS,202303,538.263,1,Coal Consumed by the Electric Power Sector,Trillion Btu
CLEIBUS,202304,428.614,1,Coal Consumed by the Electric Power Sector,Trillion Btu
CLEIBUS,202305,477.447,1,Coal Consumed by the Electric Power Sector,Trillion Btu
CLEIBUS,202306,628.493,1,Coal Consumed by the Electric Power Sector,Trillion Btu
CLEIBUS,202307,832.524,1,Coal Consumed by the Electric Power Sector,Trillion Btu
CLEIBUS,202308,822.695,1,Coal Consumed by the Electric Power Sector,Trillion Btu
CLEIBUS,202309,641.565,1,Coal Consumed by the Electric Power Sector,Trillion Btu
CLEIBUS,202310,554.353,1,Coal Consumed by the Electric Power Sector,Trillion Btu
CLEIBUS,202311,553.716,1,Coal Consumed by the Electric Power Sector,Trillion Btu
CLEIBUS,202312,600.367,1,Coal Consumed by the Electric Power Sector,Trillion Btu
CLEIBUS,202313,7247.322,1,Coal Consumed by the Electric Power Sector,Trillion Btu
CLEIBUS,202401,797.955,1,Coal Consumed by the Electric Power Sector,Trillion Btu
CLEIBUS,202402,488.912,1,Coal Consumed by the Electric Power Sector,Trillion Btu
CLEIBUS,202403,421.359,1,Coal Consumed by the Electric Power Sector,Trillion Btu
CLEIBUS,202404,399.917,1,Coal Consumed by the Electric Power Sector,Trillion Btu
CLEIBUS,202405,492.321,1,Coal Consumed by the Electric Power Sector,Trillion Btu
CLEIBUS,202406,647.334,1,Coal Consumed by the Electric Power Sector,Trillion Btu
CLEIBUS,202407,760.528,1,Coal Consumed by the Electric Power Sector,Trillion Btu
CLEIBUS,202408,740.349,1,Coal Consumed by the Electric Power Sector,Trillion Btu
CLEIBUS,202409,591.977,1,Coal Consumed by the Electric Power Sector,Trillion Btu
CLEIBUS,202410,513.167,1,Coal Consumed by the Electric Power Sector,Trillion Btu
CLEIBUS,202411,494.908,1,Coal Consumed by the Electric Power Sector,Trillion Btu
CLEIBUS,202412,665.54,1,Coal Consumed by the Electric Power Sector,Trillion Btu
CLEIBUS,202413,7014.268,1,Coal Consumed by the Electric Power Sector,Trillion Btu
CLEIBUS,202501,863.101,1,Coal Consumed by the Electric Power Sector,Trillion Btu
CLEIBUS,202502,661.92,1,Coal Consumed by the Electric Power Sector,Trillion Btu
CLEIBUS,202503,526.594,1,Coal Consumed by the Electric Power Sector,Trillion Btu
CLEIBUS,202504,485.985,1,Coal Consumed by the Electric Power Sector,Trillion Btu
CLEIBUS,202505,524.884,1,Coal Consumed by the Electric Power Sector,Trillion Btu
CLEIBUS,202506,687.092,1,Coal Consumed by the Electric Power Sector,Trillion Btu
CLEIBUS,202507,848.27,1,Coal Consumed by the Electric Power Sector,Trillion Btu
CLEIBUS,202508,746.453,1,Coal Consumed by the Electric Power Sector,Trillion Btu
CLEIBUS,202509,628.644,1,Coal Consumed by the Electric Power Sector,Trillion Btu
